<?xml version="1.0" encoding="UTF-8"?>
<frame width="325" height="40" autoScaleY="true" autoScaleX="true">
	<import file="../../consts.xml"/>	
	<padding left="3" right="3" top="8" bottom="8"/>
	<draw>
		<rectangle left="0" top="0" right="325" bottom="40" xradius="3" yradius="3" zOrder="-20">
			<anchors left="true" top="true" bottom="true" right="true"/>
			<fill color="$(secondary_bkg_color)" kind="solid"/>
			<stroke color="$(face_color_down_deemphasized)" kind="solid"/>
		</rectangle>		
	</draw>
</frame>