<?xml version="1.0" encoding="UTF-8"?>
<frame width="17" height="17" autoScaleY="false" autoScaleX="false">
	<import file="../../consts.xml"/>
	<margins right="6"/>
	<draw>				
		<!-- Check Mark -->
		<path left="0" top="0" right="17" bottom="17" zOrder="1" mode="stretch">
			<pathData>M3.23134 8.50003 L7.65239 11.8313 L13.267 4.85488</pathData>
			<anchors left="true" top="true" bottom="true" right="true" aspectFromMin="true"/>
			<stroke color="$(face_color)" size="2"/>
		</path>						
	</draw>
</frame>