<?xml version="1.0" encoding="UTF-8"?>
<frame width="302" height="270"  >
	<import file="../../consts.xml"/>
	<padding left="29" top="3" right="4" bottom="3" />
	<draw>
		<rectangle left="0" top="0" right="302" bottom="270" xradius="3" yradius="3" zOrder="-20">
			<anchors left="true" top="true" bottom="true" right="true"/>
			<fill color="$(short_content_bkg_color)" kind="solid"/>
		</rectangle>		
		
		<rectangle left="0" top="0" right="302" bottom="270" xradius="3" yradius="3" zOrder="10">
			<anchors left="true" top="true" bottom="true" right="true"/>
			<stroke color="$(face_color)" kind="solid" size="1"/>
		</rectangle>		
	</draw>
</frame>