<?xml version="1.0" encoding="UTF-8"?>
<frame width="325" height="40"  >
	<import file="../../consts.xml"/>
	<padding left="50" top="3" bottom="3" right="8"/>
	<draw>
		<rectangle left="0" top="0" right="325" bottom="40" xradius="3" yradius="3" zOrder="-20">
			<anchors left="true" top="true" bottom="true" right="true"/>
			<fill color="$(bkg_color)" kind="solid"/>
			<stroke color="$(short_content_bkg_color)" kind="solid"/>
		</rectangle>	

		<path left="14" top="12" right="30" bottom="28" zOrder="-10" mode="fit">
			<anchors left="true" top="false" right="false" bottom="false"/>
			
			<pathData>M12 6C13.1 6 14 6.9 14 8C14 9.1 13.1 10 12 10C10.9 10 10 9.1 10 8C10 6.9 10.9 6 12 6ZM12 16C14.7 16 17.8 17.29 18 18H6C6.23 17.28 9.31 16 12 16ZM12 4C9.79 4 8 5.79 8 8C8 10.21 9.79 12 12 12C14.21 12 16 10.21 16 8C16 5.79 14.21 4 12 4ZM12 14C9.33 14 4 15.34 4 18V20H20V18C20 15.34 14.67 14 12 14Z</pathData>			
			
			<fill color="$(face_color_down_deemphasized)" kind="solid"/>
		</path>		
	</draw>
</frame>