<?xml version="1.0" encoding="UTF-8"?>
<frame width="302" height="270"  >
	<import file="../../consts.xml"/>
	<padding left="8" top="3" bottom="3" right="8"/>
	<draw>
		<rectangle left="0" top="0" right="302" bottom="270" xradius="5" yradius="5" zOrder="-20">
			<anchors left="true" top="true" bottom="true" right="true"/>
			<fill color="$(content_bkg_color)" kind="solid"/>
		</rectangle>					
				
		<rectangle left="0" top="0" right="302" bottom="270" xradius="5" yradius="5" zOrder="0">
			<anchors left="true" top="true" bottom="true" right="true"/>
			<stroke color="$(alert_color)" kind="solid" size="1"/>
		</rectangle>			
		
	</draw>
</frame>