<?xml version="1.0" encoding="UTF-8"?>
<frame width="325" height="40">
	<import file="../../consts.xml"/>
	<padding left="50" top="3" bottom="3" right="8"/>
	<draw>
		<rectangle left="0" top="0" right="325" bottom="40" xradius="3" yradius="3" zOrder="-20">
			<anchors left="true" top="true" bottom="true" right="true"/>
			<fill color="$(bkg_color)" kind="solid"/>
			<stroke color="$(short_content_bkg_color)" kind="solid"/>
		</rectangle>	

		<path left="14" top="12" right="30" bottom="28" zOrder="-10" mode="fit">
			<anchors left="true" top="false" right="false" bottom="false"/>			
			<pathData>M22 3H7c-0.69 0 -1.23 0.35 -1.59 0.88L0 12l5.41 8.11c0.36 0.53 0.97 0.89 1.66 0.89H22c1.1 0 2-0.9 2-2V5c0-1.1-0.9-2-2-2zm0 16H7.07L2.4 12l4.66-7H22v14z</pathData>						
			<fill color="$(face_color_down_deemphasized)" kind="solid"/>
		</path>		

		<ellipse left="19" top="19" right="21" bottom="21" zOrder="1">
			<anchors left="true" top="false" right="false" bottom="false"/>	
			<fill color="$(face_color_down_deemphasized)" kind="solid"/>
		</ellipse>		
		
		<ellipse left="22" top="19" right="24" bottom="21" zOrder="1">
			<anchors left="true" top="false" right="false" bottom="false"/>	
			<fill color="$(face_color_down_deemphasized)" kind="solid"/>
		</ellipse>	

		<ellipse left="25" top="19" right="27" bottom="21" zOrder="1">
			<anchors left="true" top="false" right="false" bottom="false"/>			
			<fill color="$(face_color_down_deemphasized)" kind="solid"/>
		</ellipse>		
	</draw>
</frame>