<?xml version="1.0" encoding="UTF-8"?>
<frame width="325" height="30"  >
	<import file="../../consts.xml"/>
	<padding left="35" top="3" bottom="3" right="8"/>
	<draw>
		<rectangle left="0" top="0" right="325" bottom="29.4" xradius="3" yradius="3" zOrder="-20">
			<anchors left="true" top="true" bottom="true" right="true"/>
			<fill color="$(bkg_color)" kind="solid"/>
			<stroke color="$(alert_color)" kind="solid"/>
		</rectangle>	

		<path left="12" top="6" right="24" bottom="24" zOrder="-10" mode="fit">
			<anchors left="true" top="false" right="false" bottom="false"/>
			
			<pathData>M14 7H13V5C13 2.24 10.76 0 8 0C5.24 0 3 2.24 3 5V7H2C0.9 7 0 7.9 0 9V19C0 20.1 0.9 21 2 21H14C15.1 21 16 20.1 16 19V9C16 7.9 15.1 7 14 7ZM5 5C5 3.34 6.34 2 8 2C9.66 2 11 3.34 11 5V7H5V5ZM14 19H2V9H14V19ZM8 16C9.1 16 10 15.1 10 14C10 12.9 9.1 12 8 12C6.9 12 6 12.9 6 14C6 15.1 6.9 16 8 16Z</pathData>			
			
			<fill color="$(alert_color)" kind="solid"/>
		</path>		
	</draw>
</frame>