<?xml version="1.0" encoding="UTF-8"?>
<frame width="302" height="270"  >
	<import file="../../consts.xml"/>
	<padding left="12" top="3" right="12" bottom="3" />
	<draw>
		<rectangle left="0" top="0" right="302" bottom="270" xradius="2" yradius="2" zOrder="-20">
			<anchors left="true" top="true" bottom="true" right="true"/>
			<fill color="$(short_content_error_bkg_color)" kind="solid"/>
			<stroke color="$(alert_color)" kind="solid" opacity="1.0"/>				
		</rectangle>				
	</draw>
</frame>