<?xml version="1.0" encoding="UTF-8"?>
<frame width="302" height="18" autoscalex="false" autoscaley="false"  >
	<import file="../../consts.xml"/>
	<padding left="13" top="3" right="6" bottom="4" />
	<draw>
		<!-- Loupe -->
		<frame left="0" top="4.5" right="9" bottom="13.5" zOrder="-19">
			<anchors left="true" top="false" bottom="false" right="false"/>
			<source url="../../icons/whiteLoupe.xml"/>
		</frame>		

		
		<!-- Bottom Line -->
		<path left="0" top="17" right="302" bottom="18" mode="fitStretch" zOrder="-20">
			<anchors left="true" top="false" bottom="true" right="true"/>
			<pathData>M 0.5 0.5 L 302 0.5</pathData>
			<stroke color="$(alert_color)" kind="solid" size="1"/>
		</path>			
	</draw>
		
</frame>