<?xml version="1.0" encoding="UTF-8"?>
<frame width="325" height="40"  >
	<import file="../../consts.xml"/>
	<padding left="33" top="3" bottom="3" right="8"/>
	<draw>
		<rectangle left="0" top="0" right="325" bottom="40" xradius="3" yradius="3" zOrder="-20">
			<anchors left="true" top="true" bottom="true" right="true"/>
			<fill color="$(bkg_color)" kind="solid"/>
			<stroke color="$(face_color)" kind="solid"/>
		</rectangle>	

		<path left="10" top="12" right="26" bottom="28" zOrder="-10" mode="fit">
			<anchors left="true" top="false" right="false" bottom="false"/>
			
			<pathData>M15.5 14H14.71L14.43 13.73C15.41 12.59 16 11.11 16 9.5C16 5.91 13.09 3 9.5 3C5.91 3 3 5.91 3 9.5C3 13.09 5.91 16 9.5 16C11.11 16 12.59 15.41 13.73 14.43L14 14.71V15.5L19 20.49L20.49 19L15.5 14V14ZM9.5 14C7.01 14 5 11.99 5 9.5C5 7.01 7.01 5 9.5 5C11.99 5 14 7.01 14 9.5C14 11.99 11.99 14 9.5 14Z</pathData>			
			
			<fill color="$(face_color_down_deemphasized)" kind="solid"/>
		</path>		
	</draw>
</frame>