<?xml version="1.0" encoding="UTF-8"?>
<frame width="16" height="16">
	<import file="../../consts.xml"/>
	<padding left="2" top="2" right="2" bottom="2"/>
	
	<draw>
		<rectangle left="0.5" top="0.5" right="15.5" bottom="15.5" xradius="2" yradius="2" zOrder="-20">
			<anchors left="true" top="true" bottom="true" right="true"/>
			<stroke color="$(face_color_hover)" kind="solid" dashArray="5 5" cap="round" join="round" opacity="0.6"/>
		</rectangle>	

		<path left="3" top="3" right="13" bottom="13" mode="fitStretch" zOrder="5">
			<pathData>M14 8H8V14H6V8H0V6H6V0H8V6H14V8Z</pathData>
			<anchors left="false" top="false" bottom="false" right="false"/>
			<fill color="$(face_color_hover)" opacity="0.6"/>
		</path>	
	</draw>
</frame>
