<?xml version="1.0" encoding="UTF-8"?>
<frame width="170" height="30" autoScaleY="true" autoScaleX="true" clipDrawing="true">
	<import file="../../consts.xml"/>
	
	<borders left="12" top="5" bottom="5" right="12" />
	<draw>		
		<ellipse left="30" top="-40" right="140" bottom="70" zOrder="0" mode="fitStretch">		
			<anchors left="true" top="false" bottom="false" right="true" aspectFromWidth="true"/>
			<fill color="$(face_color)" kind="solid" opacity="0.05"/>
		</ellipse>	
		
		<ellipse left="48" top="-22" right="122" bottom="52" zOrder="1">		
			<anchors left="true" top="false" bottom="false" right="true" aspectFromWidth="true"/>
			<fill color="$(face_color)" kind="solid" opacity="0.05"/>
		</ellipse>			
	</draw>
</frame>