<?xml version="1.0" encoding="UTF-8"?>
<frame width="20" height="20" autoScaleY="true" autoScaleX="true">
	<import file="../../consts.xml"/>
	<draw>				
		<path left="0" top="0" right="20" bottom="20" zOrder="1" mode="fit">
			<pathData>M11 0.5C6 0.5 1.73 3.61 0 8C1.73 12.39 6 15.5 11 15.5C16 15.5 20.27 12.39 22 8C20.27 3.61 16 0.5 11 0.5ZM11 13C8.24 13 6 10.76 6 8C6 5.24 8.24 3 11 3C13.76 3 16 5.24 16 8C16 10.76 13.76 13 11 13ZM11 5C9.34 5 8 6.34 8 8C8 9.66 9.34 11 11 11C12.66 11 14 9.66 14 8C14 6.34 12.66 5 11 5Z</pathData>
			<anchors left="true" top="true" bottom="true" right="true"/>
			<fill color="$(face_color_deemphasized)"/>
		</path>	

		<path left="0" top="0" right="20" bottom="20" zOrder="2" mode="original">
			<pathData>M 0 0 L 26 26</pathData>
			<anchors left="true" top="true" bottom="true" right="true"/>
			<stroke color="$(busy_state_color)" size="2"/>
		</path>		
	</draw>
</frame>