<?xml version="1.0" encoding="UTF-8"?>
<frame width="26" height="20" autoScaleY="true" autoScaleX="true">
	<import file="../../consts.xml"/>
	<draw>			
		<rectangle left="0" top="0" right="26" bottom="20" Order="0" xradius="2" yradius="2">
			<anchors left="true" top="true" bottom="true" right="true"/>		
			<fill color="#00000030"/>			
		</rectangle>
	
		<path left="3" top="3" right="23" bottom="17" zOrder="1" mode="fit">
			<pathData>M18 0H2C0.9 0 0.00999999 0.9 0.00999999 2L0 12C0 13.1 0.9 14 2 14H18C19.1 14 20 13.1 20 12V2C20 0.9 19.1 0 18 0ZM9 3H11V5H9V3ZM9 6H11V8H9V6ZM6 3H8V5H6V3ZM6 6H8V8H6V6ZM5 8H3V6H5V8ZM5 5H3V3H5V5ZM14 12H6V10H14V12ZM14 8H12V6H14V8ZM14 5H12V3H14V5ZM17 8H15V6H17V8ZM17 5H15V3H17V5Z</pathData>
			<anchors left="true" top="true" bottom="true" right="true"/>
			<fill color="$(face_color)"/>
		</path>				
	</draw>
</frame>