<?xml version="1.0" encoding="UTF-8"?>
<frame width="24" height="24" autoScaleY="true" autoScaleX="true">
	<import file="../../consts.xml"/>
	<draw>				
		<path left="4" top="4" right="20" bottom="20" zOrder="1" mode="original">
			<pathData>M8 1.9C9.16 1.9 10.1 2.84 10.1 4C10.1 5.16 9.16 6.1 8 6.1C6.84 6.1 5.9 5.16 5.9 4C5.9 2.84 6.84 1.9 8 1.9ZM8 10.9C10.97 10.9 14.1 12.36 14.1 13V14.1H1.9V13C1.9 12.36 5.03 10.9 8 10.9ZM8 0C5.79 0 4 1.79 4 4C4 6.21 5.79 8 8 8C10.21 8 12 6.21 12 4C12 1.79 10.21 0 8 0ZM8 9C5.33 9 0 10.34 0 13V16H16V13C16 10.34 10.67 9 8 9Z</pathData>
			<anchors left="true" top="true" bottom="true" right="true"/>
			<fill color="$(face_color)"/>
		</path>				
	</draw>
</frame>