<?xml version="1.0" encoding="UTF-8"?>
<frame width="24" height="24" autoScaleY="true" autoScaleX="true">
	<import file="../consts.xml"/>
	<draw>				
		<path left="0" top="0" right="24" bottom="24" zOrder="1" mode="fitStretch">
			<pathData>M12 2C6.48 2 2 6.48 2 12s4.48 10 10 10 10-4.48 10-10S17.52 2 12 2zM4 12c0-4.42 3.58-8 8-8 1.85 0 3.55 0.63 4.9 1.69L5.69 16.9C4.63 15.55 4 13.85 4 12zm8 8c-1.85 0-3.55-0.63-4.9-1.69L18.31 7.1C19.37 8.45 20 10.15 20 12c0 4.42-3.58 8-8 8z</pathData>
			<anchors left="true" top="true" bottom="true" right="true"/>
			<fill color="$(bright_alert_color)" opacity="0.85"/>
		</path>						
	</draw>
</frame>