<?xml version="1.0" encoding="UTF-8"?>
<frame width="512" height="512" autoScaleY="true" autoScaleX="true">
	<import file="../consts.xml"/>
	<draw>				
		<path left="0" top="0" right="512" bottom="512" zOrder="1" mode="fitStretch">
			<pathData>M437.5,386.6L306.9,256l130.6-130.6c14.1-14.1,14.1-36.8,0-50.9c-14.1-14.1-36.8-14.1-50.9,0L256,205.1L125.4,74.5
	c-14.1-14.1-36.8-14.1-50.9,0c-14.1,14.1-14.1,36.8,0,50.9L205.1,256L74.5,386.6c-14.1,14.1-14.1,36.8,0,50.9
	c14.1,14.1,36.8,14.1,50.9,0L256,306.9l130.6,130.6c14.1,14.1,36.8,14.1,50.9,0C451.5,423.4,451.5,400.6,437.5,386.6z</pathData>
			<anchors left="true" top="true" bottom="true" right="true"/>
			<fill color="$(face_color_deemphasized)"/>
		</path>			
	</draw>
</frame>