<?xml version="1.0" encoding="UTF-8"?>
<frame width="24" height="24" autoScaleY="true" autoScaleX="true">
	<import file="../consts.xml"/>
	<draw>				
		<path left="0" top="0" right="24" bottom="24" zOrder="1" mode="original">
			<pathData>M3 11H11V3H3V11ZM5 5H9V9H5V5Z M13 3V11H21V3H13ZM19 9H15V5H19V9Z M3 21H11V13H3V21ZM5 15H9V19H5V15Z M18 13H16V16H13V18H16V21H18V18H21V16H18V13Z</pathData>
			<anchors left="true" top="true" bottom="true" right="true"/>
			<fill color="$(face_color)"/>
		</path>						
	</draw>
</frame>