<?xml version="1.0" encoding="UTF-8"?>
<frame width="64" height="64" autoScaleY="true" autoScaleX="true">
	<import file="../consts.xml"/>
					
	<draw>				
		<!-- Face circle -->
		<ellipse left="0" top="0" right="64" bottom="64" zOrder="-200">
			<anchors left="true" top="true" bottom="true" right="true"/>
			<fill color="$(emoji_face_color)"/>
		</ellipse>					
		
		<!-- White of the eyes -->
		
		<ellipse left="6" top="19" right="28" bottom="41" zOrder="-10">
			<anchors left="true" top="true" bottom="true" right="true"/>
			<fill color="$(emoji_white_eye)"/>
		</ellipse>		

		<ellipse left="36" top="19" right="58" bottom="41" zOrder="-10">
			<anchors left="true" top="true" bottom="true" right="true"/>
			<fill color="$(emoji_white_eye)"/>
		</ellipse>		
		
		<!-- Glasses wire -->		
		
		<path left="0" top="0" right="64" bottom="64" zOrder="1" mode="stretch">
			<pathData>m36 27c-1.8-1.3-6.2-1.3-8 0-1.1-1-0.9-2.1-2-3.1 3.1-2.3 8.4-2.7 12 0-1.1 1-0.9 2.1-2 3.1</pathData>
			<anchors left="true" top="true" bottom="true" right="true"/>
			<fill color="$(emoji_glasses_color)"/>
		</path>			

		<path left="0" top="0" right="64" bottom="64" zOrder="2" mode="stretch">
			<pathData>m47 17c-7.2 0-13 5.8-13 13s5.8 13 13 13 13-5.8 13-13-5.8-13-13-13m0 23c-5.5 0-10-4.5-10-10 0-5.5 4.5-10 10-10s10 4.5 10 10c0 5.5-4.5 10-10 10</pathData>
			<anchors left="true" top="true" bottom="true" right="true"/>
			<fill color="$(emoji_glasses_color)"/>
		</path>	
		
		<path left="0" top="0" right="64" bottom="64" zOrder="3" mode="stretch">
			<pathData>m17 17c-7.2 0-13 5.8-13 13 0 7.2 5.8 13 13 13 7.2 0 13-5.8 13-13s-5.8-13-13-13m0 23c-5.5 0-10-4.5-10-10 0-5.5 4.5-10 10-10s10 4.5 10 10c0 5.5-4.5 10-10 10</pathData>
			<anchors left="true" top="true" bottom="true" right="true"/>
			<fill color="$(emoji_glasses_color)"/>
		</path>		

		<!-- Iris of the eyes -->						

		<ellipse left="16" top="25.5" right="24" bottom="35.5" zOrder="4">
			<anchors left="true" top="true" bottom="true" right="true"/>
			<fill color="$(emoji_iris_color)"/>
		</ellipse>							
		
		<ellipse left="40" top="25.5" right="48" bottom="35.5" zOrder="5">
			<anchors left="true" top="true" bottom="true" right="true"/>
			<fill color="$(emoji_iris_color)"/>
		</ellipse>	

		<!-- mouth -->						
		
		<path left="0" top="0" right="64" bottom="64" zOrder="6" mode="stretch">
			<pathData>m26.7 51.3c5.8 1.5 12 .4 16.9-3 1.2-0.9-1.1-4-2.3-3.2-3.2 2.3-8.4 3.8-13.7 2.4-1.3-0.3-2.4 3.4-0.9 3.8</pathData>
			<anchors left="true" top="true" bottom="true" right="true"/>
			<fill color="$(emoji_mouth_color)"/>
		</path>		
		
		<!-- eyebrow -->								
		
		<path left="0" top="0" right="64" bottom="64" zOrder="7" mode="stretch">
			<pathData>m53.2 15.7c-3.2-2.7-7.5-3.9-11.7-3.1-0.6 0.1-1.1-2-0.4-2.2 4.8-0.9 9.8 0.5 13.5 3.6 0.6 0.5 -1 2.1-1.4 1.7</pathData>
			<anchors left="true" top="true" bottom="true" right="true"/>
			<fill color="$(emoji_eyebrow_color)"/>
		</path>		

		<path left="0" top="0" right="64" bottom="64" zOrder="7" mode="stretch">
			<pathData>m22.5 12.4c-4.2-0.7-8.5 0.4 -11.7 3.1-0.4 0.4-2-1.2-1.4-1.7 3.7-3.2 8.7-4.5 13.5-3.6 0.7 0.2 0.2 2.3 -0.4 2.2</pathData>
			<anchors left="true" top="true" bottom="true" right="true"/>
			<fill color="$(emoji_eyebrow_color)"/>
		</path>	
	</draw>
</frame>