<?xml version="1.0" encoding="UTF-8"?>
<frame width="50" height="50" autoScaleY="true" autoScaleX="true">
	<import file="../consts.xml"/>
	<draw>				
		<path left="0" top="0" right="50" bottom="50" zOrder="1" mode="original">
			<pathData>M 7 2 L 7 3 L 7 47 L 7 48 L 8 48 L 42 48 L 43 48 L 43 47 L 43 15 L 43 14.59375 L 42.71875 14.28125 L 30.71875 2.28125 L 30.40625 2 L 30 2 L 8 2 L 7 2 z M 9 4 L 29 4 L 29 15 L 29 16 L 30 16 L 41 16 L 41 46 L 9 46 L 9 4 z M 31 5.4375 L 39.5625 14 L 31 14 L 31 5.4375 z</pathData>
			<anchors left="true" top="true" bottom="true" right="true"/>
			<fill color="$(face_color)"/>
		</path>			
	</draw>
</frame>