<?xml version="1.0" encoding="UTF-8"?>
<frame width="32" height="32" autoScaleY="true" autoScaleX="true">
	<import file="../consts.xml"/>
	<draw>				
		<path left="4" top="4" right="28" bottom="28" zOrder="1" mode="original">
			<pathData>M16 1H4C2.9 1 2 1.9 2 3V17H4V3H16V1ZM15 5L21 11V21C21 22.1 20.1 23 19 23H7.99C6.89 23 6 22.1 6 21L6.01 7C6.01 5.9 6.9 5 8 5H15ZM14 12H19.5L14 6.5V12Z</pathData>
			<anchors left="true" top="true" bottom="true" right="true"/>
			<fill color="$(face_color)"/>
		</path>						
	</draw>
</frame>