<?xml version="1.0" encoding="UTF-8"?>
<frame width="26" height="26" autoScaleY="true" autoScaleX="true">
	<import file="../consts.xml"/>
	<draw>				
		<path left="3" top="3" right="23" bottom="23" zOrder="1">
			<pathData>M10 0C4.48 0 0 4.48 0 10C0 15.52 4.48 20 10 20C15.52 20 20 15.52 20 10C20 4.48 15.52 0 10 0ZM6 15.5C4.62 15.5 3.5 14.38 3.5 13C3.5 11.62 4.62 10.5 6 10.5C7.38 10.5 8.5 11.62 8.5 13C8.5 14.38 7.38 15.5 6 15.5ZM7.5 6C7.5 4.62 8.62 3.5 10 3.5C11.38 3.5 12.5 4.62 12.5 6C12.5 7.38 11.38 8.5 10 8.5C8.62 8.5 7.5 7.38 7.5 6ZM14 15.5C12.62 15.5 11.5 14.38 11.5 13C11.5 11.62 12.62 10.5 14 10.5C15.38 10.5 16.5 11.62 16.5 13C16.5 14.38 15.38 15.5 14 15.5Z</pathData>
			<anchors left="true" top="true" bottom="true" right="true"/>
			<fill color="$(face_color)"/>
		</path>						
	</draw>
</frame>