<?xml version="1.0" encoding="UTF-8"?>
<frame width="20" height="20" autoScaleY="true" autoScaleX="true">
	<import file="../consts.xml"/>
	<draw>				
		<path left="0" top="0" right="20" bottom="20" zOrder="1">
			<pathData>M2 10C3.10457 10 4 9.10457 4 8C4 6.89543 3.10457 6 2 6C0.89543 6 0 6.89543 0 8C0 9.10457 0.89543 10 2 10Z M6 4C7.10457 4 8 3.10457 8 2C8 0.89543 7.10457 0 6 0C4.89543 0 4 0.89543 4 2C4 3.10457 4.89543 4 6 4Z M10 10C11.1046 10 12 9.10457 12 8C12 6.89543 11.1046 6 10 6C8.89543 6 8 6.89543 8 8C8 9.10457 8.89543 10 10 10Z</pathData>
			<anchors left="true" top="true" bottom="true" right="true"/>
			<fill color="$(face_color)"/>
		</path>				
	</draw>
</frame>
