<?xml version="1.0" encoding="UTF-8"?>
<frame width="24" height="24" autoScaleY="true" autoScaleX="true">
	<import file="../consts.xml"/>
	<draw>				
		<path left="0" top="0" right="24" bottom="24" zOrder="1" mode="original">
			<pathData>M6 14L9 17V22H15V17L18 14V9H6V14ZM11 2H13V5H11V2ZM3.5 5.88L4.91 4.47L7.03 6.59L5.62 8L3.5 5.88ZM16.96 6.59L19.08 4.47L20.49 5.88L18.38 8L16.96 6.59Z</pathData>
			<anchors left="true" top="true" bottom="true" right="true"/>
			<fill color="$(face_color)"/>
		</path>						
	</draw>
</frame>