<?xml version="1.0" encoding="UTF-8"?>
<frame width="24" height="24" autoScaleY="true" autoScaleX="true">
	<import file="../consts.xml"/>
	<draw>				
		<path left="0" top="0" right="24" bottom="24" zOrder="1" mode="original">
			<pathData>M12.65 10C11.83 7.67 9.61 6 7 6C3.69 6 1 8.69 1 12C1 15.31 3.69 18 7 18C9.61 18 11.83 16.33 12.65 14H17V18H21V14H23V10H12.65ZM7 14C5.9 14 5 13.1 5 12C5 10.9 5.9 10 7 10C8.1 10 9 10.9 9 12C9 13.1 8.1 14 7 14Z</pathData>
			<anchors left="true" top="true" bottom="true" right="true"/>
			<fill color="$(face_color)"/>
		</path>						
	</draw>
</frame>