<?xml version="1.0" encoding="UTF-8"?>
<frame width="24" height="24" autoScaleY="true" autoScaleX="true">
	<import file="../consts.xml"/>
	<draw>				
		<path left="0" top="0" right="24" bottom="24" zOrder="1" mode="original">
			<pathData>M4 6H2V20C2 21.1 2.9 22 4 22H18V20H4V6ZM20 2H8C6.9 2 6 2.9 6 4V16C6 17.1 6.9 18 8 18H20C21.1 18 22 17.1 22 16V4C22 2.9 21.1 2 20 2ZM19 11H15V15H13V11H9V9H13V5H15V9H19V11Z</pathData>
			<anchors left="true" top="true" bottom="true" right="true"/>
			<fill color="$(face_color)"/>
		</path>				
	</draw>
</frame>
