<?xml version="1.0" encoding="UTF-8"?>
<frame width="24" height="24" autoScaleY="true" autoScaleX="true">
	<import file="../consts.xml"/>
	<draw>				
		<path left="0" top="0" right="24" bottom="24" zOrder="1" mode="original">
			<pathData>M12 17C13.1 17 14 16.1 14 15C14 13.9 13.1 13 12 13C10.9 13 10 13.9 10 15C10 16.1 10.9 17 12 17ZM18 8H17V6C17 3.24 14.76 1 12 1C9.24 1 7 3.24 7 6H8.9C8.9 4.29 10.29 2.9 12 2.9C13.71 2.9 15.1 4.29 15.1 6V8H6C4.9 8 4 8.9 4 10V20C4 21.1 4.9 22 6 22H18C19.1 22 20 21.1 20 20V10C20 8.9 19.1 8 18 8ZM18 20H6V10H18V20Z</pathData>
			<anchors left="true" top="true" bottom="true" right="true"/>
			<fill color="$(face_color)"/>
		</path>						
	</draw>	
</frame>