<?xml version="1.0" encoding="UTF-8"?>
<frame width="24" height="24" autoScaleY="true" autoScaleX="true">
	<import file="../consts.xml"/>
	<draw>				
		<path left="0" top="0" right="24" bottom="24" zOrder="1" mode="original">
			<pathData>M12 14C13.66 14 14.99 12.66 14.99 11L15 5C15 3.34 13.66 2 12 2C10.34 2 9 3.34 9 5V11C9 12.66 10.34 14 12 14ZM17.3 11C17.3 14 14.76 16.1 12 16.1C9.24 16.1 6.7 14 6.7 11H5C5 14.41 7.72 17.23 11 17.72V21H13V17.72C16.28 17.24 19 14.42 19 11H17.3Z</pathData>
			<anchors left="true" top="true" bottom="true" right="true"/>
			<fill color="$(face_color)"/>
		</path>						
	</draw>
</frame>