<?xml version="1.0" encoding="UTF-8"?>
<frame width="24" height="24" autoScaleY="true" autoScaleX="true">
	<import file="../consts.xml"/>
	<draw>				
		<path left="0" top="0" right="24" bottom="24" zOrder="1" mode="original">
			<pathData>M7 24H9V22H7V24ZM12 13C13.66 13 14.99 11.66 14.99 10L15 4C15 2.34 13.66 1 12 1C10.34 1 9 2.34 9 4V10C9 11.66 10.34 13 12 13ZM11 24H13V22H11V24ZM15 24H17V22H15V24ZM19 10H17.3C17.3 13 14.76 15.1 12 15.1C9.24 15.1 6.7 13 6.7 10H5C5 13.41 7.72 16.23 11 16.72V20H13V16.72C16.28 16.23 19 13.41 19 10Z</pathData>
			<anchors left="true" top="true" bottom="true" right="true"/>
			<fill color="$(face_color)"/>
		</path>						
	</draw>
</frame>