<?xml version="1.0" encoding="UTF-8"?>
<frame width="64" height="64" autoScaleY="true" autoScaleX="true">
	<import file="../consts.xml"/>
	<draw>				
		<ellipse left="0" top="0" right="64" bottom="64" zOrder="0">
			<anchors left="true" top="true" bottom="true" right="true"/>
			<fill color="$(bkg_color)"  opacity="0.5" />
		</ellipse>		
	
		<path left="4" top="4" right="60" bottom="60" zOrder="1" mode="fitStretch" >
			<pathData>M45,6.421c21.273,0,38.579,17.306,38.579,38.579S66.273,83.578,45,83.578c-21.273,0-38.579-17.306-38.579-38.579  S23.727,6.421,45,6.421 M45,0C20.148,0,0,20.146,0,44.999s20.148,44.999,45,44.999c24.852,0,45-20.146,45-44.999S69.852,0,45,0L45,0  z M65.5,44.999l-31.5-18v36L65.5,44.999z</pathData>
			<anchors left="true" top="true" bottom="true" right="true"/>
			<fill color="$(face_color)" opacity="0.91"/>
		</path>						
	</draw>
</frame>