<?xml version="1.0" encoding="UTF-8"?>
<frame width="64" height="64" autoScaleY="true" autoScaleX="true">
	<import file="../consts.xml"/>
	<draw>				
		<path left="0" top="0" right="64" bottom="64" zOrder="1" mode="fitStretch">
			<pathData>M44.2 32l18.5-18.6L50.6 1.3 32 19.8 13.4 1.3 1.3 13.4 19.8 32 1.3 50.6l12.1 12.1L32 44.2l18.6 18.5 12.1-12.1z</pathData>
			<anchors left="true" top="true" bottom="true" right="true"/>
			<fill color="$(state_text_content_foreground_color)"/>
		</path>			
	</draw>
</frame>