<?xml version="1.0" encoding="UTF-8"?>
<frame width="24" height="24" autoScaleY="true" autoScaleX="true">
	<import file="../consts.xml"/>
	<draw>				
		<path left="0" top="0" right="24" bottom="24" zOrder="1" mode="original">
			<pathData>M19 3H5C3.9 3 3 3.9 3 5V19C3 20.1 3.9 21 5 21H19C20.1 21 21 20.1 21 19V5C21 3.9 20.1 3 19 3ZM19 19H5V5H19V19ZM12 17H14V7H10V9H12V17Z</pathData>
			<anchors left="true" top="true" bottom="true" right="true"/>
			<fill color="$(face_color_online_state)"/>
		</path>						
	</draw>
</frame>

