<?xml version="1.0" encoding="UTF-8"?>
<frame width="20" height="14" autoScaleY="true" autoScaleX="true">
	<import file="../consts.xml"/>
	<draw>				
		<path left="0" top="0" right="20" bottom="14" zOrder="1" mode="fitStretch">
			<pathData>M 16.5 12 c 1.38 0 2.49 -1.12 2.49 -2.5 S 17.88 7 16.5 7 C 15.12 7 14 8.12 14 9.5 s 1.12 2.5 2.5 2.5 Z M 9 11 c 1.66 0 2.99 -1.34 2.99 -3 S 10.66 5 9 5 C 7.34 5 6 6.34 6 8 s 1.34 3 3 3 Z m 7.5 3 c -1.83 0 -5.5 0.92 -5.5 2.75 V 19 h 11 v -2.25 c 0 -1.83 -3.67 -2.75 -5.5 -2.75 Z M 9 13 c -2.33 0 -7 1.17 -7 3.5 V 19 h 7 v -2.25 c 0 -0.85 0.33 -2.34 2.37 -3.47 C 10.5 13.1 9.66 13 9 13 Z</pathData>
			<anchors left="true" top="true" bottom="true" right="true"/>
			<fill color="$(face_color)"/>
		</path>						
	</draw>
</frame>