<?xml version="1.0" encoding="UTF-8"?>
<frame width="24" height="24" autoScaleY="true" autoScaleX="true">
	<import file="../consts.xml"/>
	<draw>			
		<path left="0" top="0" right="24" bottom="24" zOrder="1" mode="fitStretch">			
			<pathData>M 1 21 h 4 V 9 H 1 v 12 Z m 22 -11 c 0 -1.1 -0.9 -2 -2 -2 h -6.31 l 0.95 -4.57 l 0.03 -0.32 c 0 -0.41 -0.17 -0.79 -0.44 -1.06 L 14.17 1 L 7.59 7.59 C 7.22 7.95 7 8.45 7 9 v 10 c 0 1.1 0.9 2 2 2 h 9 c 0.83 0 1.54 -0.5 1.84 -1.22 l 3.02 -7.05 c 0.09 -0.23 0.14 -0.47 0.14 -0.73 v -2 Z</pathData>
			<anchors left="true" top="true" bottom="true" right="true"/>
			<fill color="$(face_color)"/>
		</path>				
	</draw>
</frame>