<?xml version="1.0" encoding="UTF-8"?>
<frame width="24" height="24" autoScaleY="true" autoScaleX="true">
	<import file="../consts.xml"/>
	<draw>				
		<path left="0" top="0" right="24" bottom="24" zOrder="1" mode="original">
			<pathData>M3 8.99998V15H7L12 20V3.99998L7 8.99998H3ZM16.5 12C16.5 10.23 15.48 8.70998 14 7.96998V16.02C15.48 15.29 16.5 13.77 16.5 12ZM14 3.22998V5.28998C16.89 6.14998 19 8.82998 19 12C19 15.17 16.89 17.85 14 18.71V20.77C18.01 19.86 21 16.28 21 12C21 7.71998 18.01 4.13998 14 3.22998V3.22998Z</pathData>
			<anchors left="true" top="true" bottom="true" right="true"/>
			<fill color="$(face_color)"/>
		</path>			
	</draw>
</frame>