<?xml version="1.0" encoding="UTF-8"?>
<frame width="312" height="427" autoScaleY="true" autoScaleX="true">
	<import file="../../consts.xml"/>
	<padding left="40" right="40" top="10" bottom="10"/>
	<draw>
		<rectangle left="0" top="0" right="312" bottom="427" zOrder="-1" xradius="15" yradius="15" corners="topLeft topRight">
			<anchors left="true" top="true" bottom="true" right="true"/>
			<fill color="$(dominant_color_gradient)" color2="$(dominant_color)" kind="gradient"
				  gradientStartX="0.0" gradientStartY="0.0" gradientEndX="1.0" gradientEndY="1.0"/>
		</rectangle>						
	</draw>
</frame>