<?xml version="1.0" encoding="UTF-8"?>
<frame width="50" height="50" autoScaleY="false" autoScaleX="false">
	<import file="../../consts.xml"/>
	
	<margins left="0" top="0" bottom="0" right="13"/>
	<padding top="8" bottom="8" left="12"/>
	
	<draw>
		
<!--		
		<path left="0" top="0.5" right="50" bottom="1" zOrder="1" mode="stretch">
			<anchors left="true" top="true" bottom="false" right="true"/>
			<pathData>M0 0 H 50</pathData>
			<stroke color="$(dark_bkg_color)41" size="1"/>
		</path>				 -->
			
		<!--
		<path left="0" top="49.5" right="50" bottom="50" zOrder="1" mode="stretch">
			<anchors left="true" top="false" bottom="true" right="true"/>
			<pathData>M0 0 H 50</pathData>
			<stroke color="$(dark_bkg_color)41" size="1"/>
		</path>		 -->
		

	</draw>
</frame>