<?xml version="1.0" encoding="UTF-8"?>
<frame width="16" height="16" autoScaleY="true" autoScaleX="true">
	<import file="../../consts.xml"/>
	<margins right="5" bottom="5"/>
		
	<draw>
		<path left="-3" top="-3" right="16" bottom="16" zOrder="1" mode="original">
			<pathData>M1 18L18 1</pathData>
			<anchors left="true" top="true" bottom="true" right="true"/>
			<stroke color="$(bkg_color)" size="1.5"/>
		</path>				

		
		<path left="-3" top="-3" right="16" bottom="16" zOrder="1" mode="original">
			<pathData>M8 18L18 8</pathData>
			<anchors left="true" top="true" bottom="true" right="true"/>
			<stroke color="$(bkg_color)" size="1.5"/>
		</path>		
		
		<path left="-3" top="-3" right="16" bottom="16" zOrder="1" mode="original">
			<pathData>M14 18L18 14</pathData>
			<anchors left="true" top="true" bottom="true" right="true"/>
			<stroke color="$(bkg_color)" size="1.5"/>
		</path>				
	</draw>
</frame>