<?xml version="1.0" encoding="UTF-8"?>
<frame width="15" height="14" autoScaleY="true" autoScaleX="true">
	<import file="../../consts.xml"/>
	<draw>
		<path left="0" top="0" right="15" bottom="14" zOrder="-1" mode="stretch">
			<anchors left="true" top="true" bottom="true" right="true"/>
			<pathData>M 14 1.41L 12.59 0L 7 5.59L 1.41 0L 0 1.41L 5.59 7L 0 12.59L 1.41 14L 7 8.41L 12.59 14L 14 12.59L 8.41 7L 14 1.41Z</pathData>
			<fill color="$(face_color_hover)"/>
		</path>					
	</draw>
</frame>