<?xml version="1.0" encoding="UTF-8"?>
<frame width="100" height="50" autoScaleY="false" autoScaleX="false">
	<import file="../../consts.xml"/>
	
	<draw>
		<rectangle left="0" top="0" right="40" bottom="50" xradius="0" yradius="0" zOrder="-20">
			<anchors left="true" top="true" bottom="true" right="false"/>
			<fill color="#ffffff00" color2="#ffffffff" kind="gradient" gradientStartX="0" gradientStartY="0.5" gradientEndX="1" gradientEndY="0.5"/>
		</rectangle>	
		
		<rectangle left="39" top="0" right="61" bottom="50" xradius="0" yradius="0" zOrder="-20">
			<anchors left="true" top="true" bottom="true" right="true"/>
			<fill color="white" kind="solid"/>
		</rectangle>			

		<rectangle left="60" top="0" right="100" bottom="50" xradius="0" yradius="0" zOrder="-20">
			<anchors left="false" top="true" bottom="true" right="true"/>
			<fill color="#ffffffff" color2="#ffffff00" kind="gradient" gradientStartX="0" gradientStartY="0.5" gradientEndX="1" gradientEndY="0.5"/>
		</rectangle>	
	</draw>
</frame>